filename,dope,soap,sc,cpscore,bsa,interface_residues,pairs,ramachandran
pred.rank_0.cif,-2.3996450764415527,-17231.328125,0.0,0.07898582039999999,-20890.76161534084,[],0,"{'F': (723, '91.17%'), 'A': (70, '8.83%'), 'G': (0, '0.00%'), 'D': (0, '0.00%'), 'gly': 42, 'pro': 57, 'end_res': 6, 'total': 898, 'T': 793}"
pred.rank_1.cif,-2.3572870764244644,-10104.9833984375,0.0,0.07898582039999999,-21962.739138503657,[],0,"{'F': (728, '91.80%'), 'A': (65, '8.20%'), 'G': (0, '0.00%'), 'D': (0, '0.00%'), 'gly': 42, 'pro': 57, 'end_res': 6, 'total': 898, 'T': 793}"
pred.rank_2.cif,-2.4255160087207295,-4629.86474609375,0.0,0.07898582039999999,-23774.757037026953,[],0,"{'F': (741, '93.44%'), 'A': (51, '6.43%'), 'G': (1, '0.13%'), 'D': (0, '0.00%'), 'gly': 42, 'pro': 57, 'end_res': 6, 'total': 898, 'T': 793}"
pred.rank_3.cif,-1.5469425127734984,-5519.23681640625,0.0,0.07898582039999999,-20939.965096549447,[],0,"{'F': (727, '91.68%'), 'A': (65, '8.20%'), 'G': (1, '0.13%'), 'D': (0, '0.00%'), 'gly': 42, 'pro': 57, 'end_res': 6, 'total': 898, 'T': 793}"
pred.rank_4.cif,-1.9112974091331267,-4254.607421875,0.0,0.07898582039999999,-22051.845623531077,[],0,"{'F': (736, '92.81%'), 'A': (55, '6.94%'), 'G': (2, '0.25%'), 'D': (0, '0.00%'), 'gly': 42, 'pro': 57, 'end_res': 6, 'total': 898, 'T': 793}"
