mode,sample,legacy_dope,new_dope,legacy_soap,new_soap,legacy_cpscore,new_cpscore,legacy_bsa,new_bsa,legacy_ec,new_ec,new_sc,legacy_sc,legacy_dockq,new_dockq
af3-nonref,pred.rank_0.cif,-2.4,-4.680079525788143,-17231.33,-17231.328125,0.12,0.1233558776,294.07,-5434.49690814132,0.08,0,0.0,,,
af3-ref,6A6I_seed-614460_sample-1model,-2.259831186,-4.232351614062243,-1566.064697,-1566.064697265625,-0.008634108,2.218222644,676.522,-3244.1669188316073,0.142359796,0,0.0,0.617,0.734413716,0.7344137566796857
md,3070_0082-repeat_1_0731.pdb,-1.0201162878204362,-3.3321598567002333,-3395.168212890625,-3395.168212890625,-1.37241642,0.0,2158.81640625,0.0,,0,0.005183447404228795,,,
